ID,Name,Email
1,John Doe,john.doe@example.com
2,Jane Smith,jane.smith@example.com
3,Robert Brown,robert.brown@example.com
4,Lucy Green,lucy.green@example.com
5,Michael White,michael.white@example.com
6,Emily Davis,emily.davis@example.com
7,William Black,william.black@example.com
8,Emma Taylor,emma.taylor@example.com
9,David Gray,david.gray@example.com
10,Olivia Hall,olivia.hall@example.com
11,James Wilson,james.wilson@example.com
12,Isabella Miller,isabella.miller@example.com
13,Benjamin Moore,benjamin.moore@example.com
14,Sofia Lee,sofia.lee@example.com
15,Daniel Harris,daniel.harris@example.com
16,Ava King,ava.king@example.com
17,Matthew Lewis,matthew.lewis@example.com
18,Ella Clark,ella.clark@example.com
19,Joseph Young,joseph.young@example.com
20,Mia Hernandez,mia.hernandez@example.com
21,Andrew Robinson,andrew.robinson@example.com
22,Lily Martinez,lily.martinez@example.com
23,Anthony Thompson,anthony.thompson@example.com
24,Charlotte Hill,charlotte.hill@example.com
25,Joshua Mitchell,joshua.mitchell@example.com
26,Grace Phillips,grace.phillips@example.com
27,Christopher Campbell,christopher.campbell@example.com
28,Zoe Adams,zoe.adams@example.com
29,Nicholas Anderson,nicholas.anderson@example.com
30,Stella Turner,stella.turner@example.com
31,Ryan Jackson,ryan.jackson@example.com
32,Sophia Perez,sophia.perez@example.com
33,Jack Whitehead,jack.whitehead@example.com
34,Isabelle Halliday,isabelle.halliday@example.com
35,Oliver Patterson,oliver.patterson@example.com
36,Nora Johnson,nora.johnson@example.com
37,Samuel Baker,samuel.baker@example.com
38,Riley Evans,riley.evans@example.com
39,Benjamin Stewart,benjamin.stewart@example.com
40,Ariana Collins,ariana.collins@example.com
41,Thomas Perry,thomas.perry@example.com
42,Lila Griffin,lila.griffin@example.com
43,Lucas Rogers,lucas.rogers@example.com
44,Zara Hughes,zara.hughes@example.com
45,Henry Edwards,henry.edwards@example.com
46,Bella Murphy,bella.murphy@example.com
47,Isaac Wood,isaac.wood@example.com
48,Madison Watson,madison.watson@example.com
49,Jacob Jenkins,jacob.jenkins@example.com
50,Olivia Foster,olivia.foster@example.com
